CurrentTarget,LookingTime,CatchTarget,UsingTime,IsCorrect,FullDistance
Watermelon,4.811003,Watermelon(Clone), 9.597012,True,0
Banana,16.51901,Banana(Clone), 22.71895,True,0
Banana,16.51901,Banana(Clone), 34.89932,True,0
SweetPepper,39.14123,SweetPepper(Clone), 52.45706,True,0
SweetPepper,57.3447,SweetPepper(Clone), 60.53326,True,0
SweetPepper,2.891544,Banana(Clone), 13.58005,False,1.97216
SweetPepper,2.891544,SweetPepper(Clone), 18.81908,True,0
Banana,22.16353,Banana(Clone), 25.77795,True,0
Pineapple,30.44278,Watermelon(Clone), 36.47937,False,0
Pineapple,30.44278,Banana(Clone), 41.58002,False,1.915839
Pineapple,30.44278,SweetPepper(Clone), 43.56255,False,2.28353
Pineapple,30.44278,Pineapple(Clone), 62.03975,True,0
Tomato,30.44278,Pineapple(Clone), 77.29656,False,0
Tomato,82.78432,Tomato(Clone), 87.69754,True,0
Watermelon,90.82657,Watermelon(Clone), 97.27525,True,0
SweetPepper,3.205934,SweetPepper(Clone), 9.578902,True,0
Tomato,14.945,Pineapple(Clone), 26.32484,False,0.2183404
Tomato,14.945,Tomato(Clone), 26.87954,True,0
Pineapple,37.00507,Pineapple(Clone), 42.27996,True,0
Watermelon,44.80694,Watermelon(Clone), 54.39754,True,0
Tomato,60.00637,Tomato(Clone), 64.73922,True,0
Banana,2.409841,Banana(Clone), 7.816641,True,0
Banana,2.409841,Banana(Clone), 15.41616,True,0
Watermelon,17.91616,Watermelon(Clone), 21.47895,True,0
Watermelon,25.54188,SweetPepper(Clone), 30.13565,False,0
Watermelon,25.54188,Watermelon(Clone), 36.01702,True,0
Banana,38.41072,Banana(Clone), 43.67662,True,0
SweetPepper,3.228748,Banana(Clone), 14.40163,False,0.4646406
SweetPepper,3.228748,Watermelon(Clone), 22.55952,False,0
SweetPepper,3.228748,SweetPepper(Clone), 48.15862,True,0
Pineapple,3.487225,Pineapple(Clone), 12.65813,True,0
